﻿<parameters>
  <parameter name="IIS Web Application Name" defaultValue="Default Web Site/" tags="IisApp">
    <parameterEntry kind="ProviderPath" scope="IisApp" match="^C:\\Users\\yunqiang\\Documents\\Visual\ Studio\ 2015\\Projects\\JackPizza\\JackPizza\\obj\\Release\\Package\\PackageTmp$" />
    <parameterEntry kind="ProviderPath" scope="setAcl" match="^C:\\Users\\yunqiang\\Documents\\Visual\ Studio\ 2015\\Projects\\JackPizza\\JackPizza\\obj\\Release\\Package\\PackageTmp$" />
  </parameter>
  <parameter name="Add write permission to App_Data Folder" description="Add write permission to App_Data folder" defaultValue="{IIS Web Application Name}/App_Data" tags="Hidden">
    <parameterEntry kind="ProviderPath" scope="setAcl" match="^C:\\Users\\yunqiang\\Documents\\Visual\ Studio\ 2015\\Projects\\JackPizza\\JackPizza\\obj\\Release\\Package\\PackageTmp\\App_Data$" />
  </parameter>
  <parameter name="DefaultConnection-Web.config Connection String" description="DefaultConnection Connection String used in web.config by the application to access the database." defaultValue="Data Source=(LocalDb)\MSSQLLocalDB;AttachDbFilename=|DataDirectory|\JackPizzaUserDB.mdf;Initial Catalog=JackPizzaUserDB;Integrated Security=True" tags="SqlConnectionString">
    <parameterEntry kind="XmlFile" scope="C:\\Users\\yunqiang\\Documents\\Visual\ Studio\ 2015\\Projects\\JackPizza\\JackPizza\\obj\\Release\\Package\\PackageTmp\\Web\.config$" match="/configuration/connectionStrings/add[@name='DefaultConnection']/@connectionString" />
  </parameter>
  <parameter name="JackPizzaContext-Web.config Connection String" description="JackPizzaContext Connection String used in web.config by the application to access the database." defaultValue="Data Source=(LocalDb)\MSSQLLocalDB;AttachDbFilename=|DataDirectory|\JackPizzaDB.mdf;Integrated Security=True;" tags="SqlConnectionString">
    <parameterEntry kind="XmlFile" scope="C:\\Users\\yunqiang\\Documents\\Visual\ Studio\ 2015\\Projects\\JackPizza\\JackPizza\\obj\\Release\\Package\\PackageTmp\\Web\.config$" match="/configuration/connectionStrings/add[@name='JackPizzaContext']/@connectionString" />
  </parameter>
</parameters>